<?xml version="1.0" encoding="UTF-8"?>
<?xml-model schematypens="http://www.w3.org/2001/XMLSchema"?>

<launch>
  <!-- Launch arguments -->
  <arg name="rviz" default="false" />
  <arg name="namespace" default="tug_turtlebot4" />

  <!-- Gazebo -->
  <group>
    <set_env name="IGN_GAZEBO_RESOURCE_PATH" value="/opt/ros/$(env ROS_DISTRO)/share" />
    <set_env name="IGN_GAZEBO_SYSTEM_PLUGIN_PATH" value="/opt/ros/$(env ROS_DISTRO)/lib:$(find-pkg-prefix tug_turtlebot4)/lib/tug_turtlebot4" />
    <executable cmd="ign gazebo $(find-pkg-share tug_turtlebot4)/worlds/columns.sdf -v3" name="Gazebo" output="screen" />
  </group>

  <!-- ROS Gazebo bridge -->
  <node pkg="ros_gz_bridge" exec="parameter_bridge" namespace="$(var namespace)" output="screen">
    <param name="use_sim_time" value="true" />
    <param name="config_file" value="$(find-pkg-share tug_turtlebot4)/config/ros_gz_bridge.yaml" />
  </node>

  <!-- Robot state publisher -->
  <node pkg="robot_state_publisher" exec="robot_state_publisher" namespace="$(var namespace)" output="screen">
    <param name="use_sim_time" value="true" />
    <param name="robot_description" value="$(command 'cat $(find-pkg-share tug_turtlebot4)/urdf/tug_turtlebot4.urdf')" />

    <remap from="/tf" to="tf" />
    <remap from="/tf_static" to="tf_static" />
  </node>

  <!-- Static transform publisher -->
  <node pkg="tug_turtlebot4" exec="static_transform_publisher" namespace="$(var namespace)" output="screen">
    <param name="use_sim_time" value="true" />
    <param from="$(find-pkg-share tug_turtlebot4)/config/static_transform_publisher.yaml" />

    <remap from="/tf_static" to="tf_static" />
  </node>

  <!-- Spawn robot -->
  <node pkg="ros_gz_sim" exec="create" args="-topic robot_description" namespace="$(var namespace)" output="screen">
    <param name="use_sim_time" value="true" />
  </node>

  <!-- RViz -->
  <node pkg="rviz2" exec="rviz2" namespace="$(var namespace)" args="-d $(find-pkg-share tug_turtlebot4)/rviz/config.rviz" output="screen" if="$(var rviz)">
    <param name="use_sim_time" value="true" />

    <remap from="/tf" to="tf" />
    <remap from="/tf_static" to="tf_static" />
  </node> 
</launch>