<?xml version="1.0" encoding="UTF-8"?>
<?xml-model schematypens="http://www.w3.org/2001/XMLSchema"?>

<launch>
  <!-- Launch arguments -->
  <arg name="use_sim_time" default="true" />
  <arg name="rviz" default="false" description="Start RViz" />

  <!-- Stage Node -->
  <node pkg="tug_stage_ros2" exec="tug_stage_ros2" args="$(find-pkg-share tug_stage_ros2)/worlds/kinematic.world" output="screen">
    <param name="use_sim_time" value="$(var use_sim_time)" />
    <remap from="/tf" to="tf" />
    <remap from="/tf_static" to="tf_static" />
  </node>

  <!-- RViz -->
   <group if="$(var rviz)">
    <node pkg="rviz2" exec="rviz2" namespace="tug_stage_ros2" args="-d $(find-pkg-share tug_stage_ros2)/rviz/kinematic.rviz">
      <param name="use_sim_time" value="$(var use_sim_time)" />
      <remap from="/tf" to="tf" />
      <remap from="/tf_static" to="tf_static" />
    </node>
   </group>
</launch>